<?xml version="1.0" encoding="UTF-8"?>
<Configuration monitorInterval="60">
    <Appenders>
        <Console name="Console-Appender" target="SYSTEM_OUT">
            <PatternLayout>
                <pattern>
                    [%-5level] %d{yyyy-MM-dd HH:mm:ss.SSS} [%t] %c{1} - %msg%n
                </pattern>>
            </PatternLayout>
        </Console>
        
        <File name="File" fileName="c:\\\\Users\\\\XI318861\\\\tmp\\\\logs\\\\ppaa.log">
          <PatternLayout>
            <Pattern>
                [%-5level] %d{yyyy-MM-dd HH:mm:ss.SSS} [%t] %c{1} - %msg%n
            </Pattern>
            </PatternLayout>
        </File>
    </Appenders>
    
    <Loggers>
        <Root>
            <level value="DEBUG" />
            <AppenderRef ref="Console-Appender"/>
            <AppenderRef ref="File"/>
        </Root>
    </Loggers>
</Configuration>